importer,shipper,tariff_item,name,origin,shipped_at,arrived_at,net_weight,fob_price,cif_price,cif_per_net_weight
PLASTICOS RIVAL CIA LTDA,S A REVERTE,2509000000,CARBONATO DE CALCIO TIPO CALCIPORE 160 T AL,SPAIN,18/03/2016,17/04/2016,"81,000.00","14,417.58","18,252.34",0.23
MEXICHEM ECUADOR S.A.,OMYA ANDINA S A,2836500000,CARBONATO,COLOMBIA,07/07/2016,10/07/2016,"26,000.00","7,072.00","8,127.18",0.31
PLASTIAZUAY SA,SA REVERTE,2836500000,CARBONATO DE CALCIO,SPAIN,27/07/2016,09/08/2016,"81,000.00","8,100.00","11,474.55",0.14
PLASTICOS RIVAL CIA LTDA,AND ENDUSTRIYEL HAMMADDELER DIS TCARET LTD.STI.,2836500000,CALCIUM CARBONATE ANADOLU ANDCARB CT-1,TURKEY,04/10/2016,11/11/2016,"100,000.00","17,500.00","22,533.75",0.23
QUIMICA COMERCIAL QUIMICIAL CIA. LTDA.,SA REVERTE,2836500000,CARBONATO DE CALCIO,SPAIN,24/06/2016,12/07/2016,"27,000.00","3,258.90","5,585.00",0.21
PICA PLASTICOS INDUSTRIALES C.A.,OMYA ANDINA S.A,3824909999,CARBONATO DE CALCIO,COLOMBIA,01/01/1900,18/01/2016,"66,500.00","12,635.00","18,670.52",0.28
PLASTIQUIM S.A.,OMYA ANDINA S.A NIT 830.027.386-6,3824909999,CARBONATO DE CALCIO RECUBIERTO CON ACIDO ESTEARICO OMYA CARB 1T CG BBS 1000,COLOMBIA,01/01/1900,25/10/2016,"33,000.00","6,270.00","9,999.00",0.30
QUIMICOS ANDINOS QUIMANDI S.A.,SIBELCO COLOMBIA SAS,3824909999,CARBONATO DE CALCIO RECUBIERTO,COLOMBIA,01/11/2016,03/11/2016,"52,000.00","8,944.00","13,039.05",0.25
TIGRE ECUADOR S.A. ECUATIGRE,OMYA ANDINA S.A NIT 830.027.386-6,3824909999,CARBONATO DE  CALCIO RECUBIERTO CON ACIDO ESTEARICO OMYACARB 1T CG BPA 25 NO,COLOMBIA,01/01/1900,28/10/2016,"66,000.00","11,748.00","18,216.00",0.28
