[{"pid":10390,"name":"chrome","status":"Sleeping","cpu":0.0,"mem":132112384,"virtual":4989624320},{"pid":10461,"name":"chrome","status":"Sleeping","cpu":0.0,"mem":126992384,"virtual":4995346432},{"pid":10530,"name":"kworker/6:1-events","status":"Idle","cpu":0.0,"mem":0,"virtual":0},{"pid":10593,"name":"kworker/1:1-mm_percpu_wq","status":"Idle","cpu":0.0,"mem":0,"virtual":0},{"pid":10650,"name":"chrome","status":"Sleeping","cpu":8.026974,"mem":262434816,"virtual":5217419264},{"pid":10803,"name":"chrome","status":"Sleeping","cpu":0.0,"mem":48173056,"virtual":542531584},{"pid":11191,"name":"chrome","status":"Sleeping","cpu":0.0,"mem":124092416,"virtual":4975763456},{"pid":11210,"name":"kworker/7:0-events","status":"Idle","cpu":0.0,"mem":0,"virtual":0},{"pid":11254,"name":"chrome","status":"Sleeping","cpu":0.0,"mem":113070080,"virtual":4971659264},{"pid":11279,"name":"kworker/u16:0-events_unbound","status":"Idle","cpu":0.0,"mem":0,"virtual":0},{"pid":11476,"name":"chrome","status":"Sleeping","cpu":0.0,"mem":88993792,"virtual":4937097216},{"pid":12755,"name":"chrome","status":"Sleeping","cpu":0.0,"mem":163397632,"virtual":5034328064},{"pid":12772,"name":"chrome","status":"Sleeping","cpu":0.0,"mem":113561600,"virtual":4985073664},{"pid":14351,"name":"chrome","status":"Sleeping","cpu":0.0,"mem":111861760,"virtual":4962754560},{"pid":17818,"name":"udisksd","status":"Sleeping","cpu":0.0,"mem":14409728,"virtual":402935808},{"pid":17815,"name":".gvfs-udisks2-v","status":"Sleeping","cpu":0.0,"mem":16199680,"virtual":585306112},{"pid":17831,"name":".gvfs-mtp-volum","status":"Sleeping","cpu":0.0,"mem":6393856,"virtual":454680576},{"pid":17836,"name":".gvfs-gphoto2-v","status":"Sleeping","cpu":0.0,"mem":7110656,"virtual":456966144},{"pid":17841,"name":".gvfs-afc-volum","status":"Sleeping","cpu":0.0,"mem":8585216,"virtual":537448448},{"pid":17846,"name":".gvfsd-trash-wr","status":"Sleeping","cpu":0.0,"mem":12767232,"virtual":577998848},{"pid":17856,"name":".gvfsd-network-","status":"Sleeping","cpu":0.0,"mem":13295616,"virtual":654110720},{"pid":17862,"name":".gvfsd-dnssd-wr","status":"Sleeping","cpu":0.0,"mem":7639040,"virtual":533233664},{"pid":17869,"name":"dconf-service","status":"Sleeping","cpu":0.0,"mem":5365760,"virtual":158957568},{"pid":18153,"name":"chrome","status":"Sleeping","cpu":0.0,"mem":183738368,"virtual":5128962048},{"pid":23033,"name":"chrome","status":"Sleeping","cpu":0.0,"mem":166035456,"virtual":5074878464},{"pid":24101,"name":"chrome","status":"Sleeping","cpu":0.0,"mem":101224448,"virtual":4956262400},{"pid":24832,"name":"kworker/7:2-events","status":"Idle","cpu":0.0,"mem":0,"virtual":0},{"pid":24912,"name":"kworker/5:2-events_power_efficient","status":"Idle","cpu":0.0,"mem":0,"virtual":0},{"pid":25228,"name":"kworker/4:3-events","status":"Idle","cpu":0.0,"mem":0,"virtual":0},{"pid":25678,"name":"chrome","status":"Sleeping","cpu":0.0,"mem":117522432,"virtual":4970983424},{"pid":25706,"name":"chrome","status":"Sleeping","cpu":0.0,"mem":30760960,"virtual":528375808},{"pid":26080,"name":"kworker/1:0-events","status":"Idle","cpu":0.0,"mem":0,"virtual":0},{"pid":26818,"name":"kworker/2:0-events","status":"Idle","cpu":0.0,"mem":0,"virtual":0},{"pid":26827,"name":"kworker/6:2-mm_percpu_wq","status":"Idle","cpu":0.0,"mem":0,"virtual":0},{"pid":26832,"name":"kworker/0:2-mm_percpu_wq","status":"Idle","cpu":0.0,"mem":0,"virtual":0},{"pid":26843,"name":"chrome","status":"Sleeping","cpu":0.0,"mem":116621312,"virtual":4982403072},{"pid":27163,"name":"kworker/3:2-events","status":"Idle","cpu":0.0,"mem":0,"virtual":0},{"pid":27800,"name":"chrome","status":"Sleeping","cpu":0.0,"mem":128200704,"virtual":4965363712},{"pid":27820,"name":"chrome","status":"Sleeping","cpu":0.0,"mem":54960128,"virtual":4895596544},{"pid":27898,"name":"kworker/3:0-mm_percpu_wq","status":"Idle","cpu":0.0,"mem":0,"virtual":0},{"pid":27977,"name":"chrome","status":"Sleeping","cpu":0.0,"mem":141930496,"virtual":4982546432},{"pid":28035,"name":"kworker/u16:1-events_unbound","status":"Idle","cpu":0.0,"mem":0,"virtual":0},{"pid":28104,"name":"chrome","status":"Sleeping","cpu":0.0,"mem":126853120,"virtual":5003902976},{"pid":28158,"name":"nu","status":"Sleeping","cpu":0.0,"mem":27344896,"virtual":870764544},{"pid":28236,"name":"chrome","status":"Sleeping","cpu":0.0,"mem":450560000,"virtual":5389582336},{"pid":29186,"name":"kworker/5:0-events","status":"Idle","cpu":0.0,"mem":0,"virtual":0},{"pid":30140,"name":"kworker/u16:2-events_unbound","status":"Idle","cpu":0.0,"mem":0,"virtual":0},{"pid":30142,"name":"nu_plugin_core_","status":"Zombie","cpu":0.0,"mem":0,"virtual":0},{"pid":30356,"name":"sh","status":"Sleeping","cpu":0.0,"mem":3743744,"virtual":224092160},{"pid":30360,"name":"nu_plugin_core_ps","status":"Sleeping","cpu":80.23046000000001,"mem":6422528,"virtual":633016320}]